Attendance ID,Student ID,Course ID,Attendance Date,Status
1,168,67,2023-09-09,Absent
2,371,24,2022-03-13,Late
3,190,22,2021-12-03,Present
4,76,91,2022-04-26,Late
5,27,80,2021-12-15,Absent
6,262,97,2024-12-03,Late
7,166,81,2021-04-27,Present
8,405,60,2024-10-23,Late
9,106,93,2024-10-25,Late
10,315,23,2021-05-26,Late
11,412,69,2022-04-08,Present
12,96,80,2023-09-15,Absent
13,23,31,2024-02-29,Present
14,60,15,2023-03-21,Absent
15,189,100,2023-08-28,Absent
16,162,37,2022-08-13,Late
17,297,48,2023-05-08,Present
18,90,10,2023-07-12,Late
19,451,62,2022-08-14,Absent
20,321,14,2024-11-29,Absent
21,17,27,2024-07-24,Absent
22,201,81,2021-02-02,Present
23,253,87,2023-08-03,Present
24,411,77,2022-11-02,Present
25,311,98,2023-02-23,Present
26,233,51,2024-11-29,Absent
27,310,27,2022-09-07,Late
28,497,78,2021-12-13,Absent
29,251,27,2022-10-10,Late
30,27,55,2022-03-31,Late
31,1,86,2023-04-29,Present
32,236,26,2023-06-18,Late
33,211,13,2023-01-31,Late
34,303,61,2024-03-09,Present
35,148,66,2022-12-15,Late
36,120,90,2021-12-07,Present
37,486,100,2022-07-18,Present
38,164,15,2024-10-28,Present
39,5,29,2021-06-24,Absent
40,349,80,2023-01-14,Absent
41,77,91,2022-04-03,Late
42,400,85,2024-07-11,Absent
43,62,32,2024-09-23,Present
44,313,72,2023-02-08,Late
45,56,90,2022-03-26,Present
46,2,77,2022-03-14,Absent
47,432,98,2023-05-11,Late
48,57,4,2023-08-29,Present
49,180,68,2024-11-15,Late
50,292,58,2024-12-21,Absent
51,2,93,2023-01-14,Present
52,254,47,2024-04-20,Absent
53,353,29,2023-05-01,Present
54,38,90,2024-12-11,Present
55,135,1,2024-05-15,Absent
56,35,49,2023-04-07,Present
57,52,53,2023-06-03,Absent
58,29,14,2024-09-27,Late
59,54,72,2021-12-18,Late
60,120,3,2022-01-14,Absent
61,166,45,2024-01-01,Absent
62,462,2,2022-12-31,Late
63,384,39,2022-06-08,Absent
64,342,86,2022-12-21,Absent
65,419,33,2022-02-15,Absent
66,40,48,2021-04-05,Present
67,193,9,2021-07-02,Present
68,47,48,2024-02-16,Absent
69,414,68,2023-06-11,Absent
70,172,91,2021-08-17,Present
71,375,16,2022-10-04,Absent
72,295,45,2024-07-13,Late
73,187,20,2023-08-02,Present
74,461,84,2022-04-10,Present
75,294,58,2021-07-12,Present
76,413,69,2025-01-09,Present
77,165,68,2025-01-28,Late
78,72,32,2021-04-27,Late
79,298,21,2024-07-16,Late
80,282,91,2022-08-08,Late
81,72,79,2021-05-04,Absent
82,115,79,2023-05-18,Absent
83,166,32,2021-03-23,Present
84,273,67,2024-10-17,Present
85,226,33,2025-01-10,Late
86,51,25,2021-04-22,Late
87,395,86,2021-12-24,Present
88,353,41,2021-04-20,Present
89,446,2,2024-05-07,Late
90,264,1,2024-08-16,Late
91,71,65,2021-09-09,Absent
92,354,100,2022-03-23,Late
93,445,52,2023-11-07,Present
94,138,35,2022-12-02,Absent
95,314,41,2022-06-12,Absent
96,251,83,2023-05-22,Late
97,483,8,2023-07-09,Present
98,102,69,2021-02-15,Late
99,120,23,2024-10-14,Present
100,457,85,2022-05-14,Late
101,450,2,2021-04-18,Absent
102,1,34,2022-06-23,Present
103,315,56,2021-08-10,Absent
104,474,99,2021-12-15,Late
105,239,69,2022-10-10,Late
106,49,26,2024-06-21,Present
107,61,40,2022-10-21,Present
108,337,95,2024-03-11,Present
109,172,59,2024-08-01,Late
110,162,41,2021-07-23,Absent
111,212,94,2022-11-08,Present
112,230,13,2023-11-08,Late
113,408,11,2021-11-19,Present
114,35,17,2023-12-07,Absent
115,289,64,2022-02-07,Late
116,165,82,2024-10-08,Late
117,21,80,2023-07-07,Absent
118,36,99,2022-07-16,Absent
119,389,33,2022-05-10,Present
120,75,8,2024-12-22,Late
121,158,12,2024-10-29,Absent
122,95,62,2022-04-09,Absent
123,417,52,2024-10-02,Late
124,396,15,2023-08-19,Absent
125,384,100,2023-10-06,Absent
126,190,53,2021-07-09,Late
127,368,76,2025-01-08,Absent
128,446,52,2023-12-20,Absent
129,368,100,2021-09-07,Absent
130,335,87,2023-01-01,Late
131,164,65,2023-03-14,Absent
132,381,40,2022-10-04,Present
133,152,12,2024-11-06,Late
134,151,1,2023-03-25,Late
135,484,19,2022-07-20,Late
136,195,66,2021-12-28,Absent
137,216,85,2024-03-13,Present
138,163,29,2024-05-24,Late
139,406,3,2022-09-08,Absent
140,304,22,2023-08-10,Present
141,201,1,2023-03-02,Late
142,235,99,2023-02-11,Absent
143,141,21,2024-10-17,Present
144,168,85,2023-12-21,Present
145,115,32,2021-05-22,Absent
146,251,54,2022-12-05,Present
147,50,11,2022-03-03,Absent
148,6,69,2023-10-21,Late
149,116,28,2022-07-31,Absent
150,488,53,2023-12-24,Late
151,426,83,2022-10-19,Absent
152,175,90,2021-07-17,Present
153,82,94,2022-04-24,Late
154,203,43,2021-11-04,Late
155,202,100,2024-04-21,Late
156,337,81,2021-07-23,Present
157,198,88,2021-04-30,Present
158,427,79,2024-06-21,Late
159,500,42,2021-03-12,Absent
160,285,93,2023-06-23,Present
161,78,13,2022-07-09,Present
162,165,42,2022-01-05,Late
163,42,70,2023-01-13,Late
164,118,52,2021-05-02,Present
165,130,92,2024-10-21,Absent
166,72,84,2024-08-13,Present
167,210,39,2023-09-29,Present
168,357,67,2024-06-10,Late
169,325,73,2024-02-08,Late
170,242,6,2022-07-04,Present
171,81,50,2023-02-23,Late
172,418,88,2021-12-04,Absent
173,259,6,2024-11-07,Absent
174,421,9,2023-10-13,Late
175,359,64,2022-05-02,Late
176,442,57,2023-06-29,Absent
177,484,39,2023-05-06,Late
178,456,56,2023-10-06,Late
179,303,79,2021-07-15,Absent
180,373,84,2022-10-03,Late
181,47,91,2024-10-06,Late
182,487,69,2021-10-17,Present
183,500,56,2021-07-07,Late
184,2,8,2021-03-19,Absent
185,140,77,2024-06-12,Late
186,347,91,2024-05-20,Absent
187,480,41,2022-04-05,Present
188,21,59,2024-10-23,Present
189,61,23,2023-06-20,Late
190,378,84,2024-10-16,Late
191,120,36,2021-10-30,Late
192,64,80,2023-11-02,Absent
193,211,97,2025-01-13,Absent
194,437,94,2023-01-13,Present
195,89,16,2021-05-21,Present
196,231,2,2024-10-02,Absent
197,409,74,2023-02-03,Late
198,158,74,2022-01-02,Present
199,80,31,2022-02-04,Present
200,52,44,2021-11-11,Late
201,256,42,2021-09-04,Present
202,189,34,2022-01-10,Absent
203,62,34,2022-11-04,Late
204,98,90,2024-06-04,Absent
205,360,61,2021-05-09,Absent
206,97,22,2021-10-10,Late
207,258,99,2023-01-28,Late
208,192,40,2023-07-09,Late
209,446,85,2023-08-30,Present
210,206,10,2022-06-05,Absent
211,192,80,2021-11-02,Absent
212,145,31,2023-04-27,Late
213,285,78,2023-12-16,Present
214,13,3,2022-12-05,Absent
215,305,38,2023-08-23,Late
216,428,29,2022-11-13,Present
217,1,81,2021-03-28,Present
218,166,48,2023-10-12,Absent
219,155,68,2022-10-27,Present
220,235,64,2024-12-25,Present
221,239,55,2021-08-17,Present
222,126,57,2021-02-18,Absent
223,102,47,2021-11-28,Absent
224,27,84,2023-05-24,Present
225,78,49,2022-07-13,Absent
226,240,14,2022-02-08,Absent
227,14,18,2024-09-02,Absent
228,463,42,2022-01-31,Present
229,154,28,2024-02-28,Late
230,29,58,2022-03-12,Late
231,47,97,2021-04-20,Absent
232,316,80,2024-02-07,Present
233,59,37,2022-03-18,Present
234,230,49,2021-04-07,Late
235,215,95,2024-07-16,Present
236,144,98,2024-01-23,Present
237,208,33,2021-06-10,Absent
238,90,81,2023-11-20,Present
239,253,48,2023-06-19,Absent
240,96,58,2022-02-10,Absent
241,304,74,2021-09-20,Present
242,238,93,2022-07-03,Present
243,339,28,2024-01-06,Present
244,47,43,2021-08-14,Late
245,223,61,2025-01-14,Late
246,43,5,2024-06-08,Late
247,434,30,2021-02-27,Late
248,168,44,2024-10-27,Absent
249,226,44,2023-10-11,Absent
250,419,53,2023-03-06,Absent
251,167,31,2021-05-09,Late
252,424,61,2024-12-20,Absent
253,408,83,2024-04-08,Absent
254,271,100,2022-09-27,Absent
255,129,99,2023-05-16,Absent
256,324,69,2022-03-17,Late
257,47,56,2023-01-24,Late
258,202,79,2024-03-27,Late
259,180,10,2021-02-23,Present
260,83,69,2023-07-06,Absent
261,367,47,2024-04-02,Present
262,381,13,2021-03-20,Absent
263,475,82,2021-02-16,Present
264,186,82,2024-04-13,Late
265,174,90,2021-11-01,Late
266,98,31,2024-07-27,Absent
267,232,55,2024-01-19,Late
268,236,60,2021-06-23,Absent
269,330,1,2022-09-10,Absent
270,76,92,2022-05-09,Late
271,489,64,2022-05-15,Present
272,71,79,2023-01-11,Absent
273,432,19,2024-03-04,Present
274,128,35,2022-05-25,Late
275,85,36,2021-05-14,Absent
276,373,69,2022-05-24,Present
277,334,71,2022-01-03,Present
278,467,50,2023-10-15,Late
279,36,65,2023-11-20,Late
280,362,82,2022-10-16,Late
281,97,2,2024-01-31,Absent
282,124,49,2021-10-01,Absent
283,397,56,2024-11-08,Absent
284,224,44,2022-08-23,Absent
285,347,82,2022-01-05,Present
286,399,89,2023-11-02,Present
287,17,47,2021-07-19,Present
288,138,77,2021-06-21,Late
289,479,65,2021-05-19,Present
290,34,11,2023-10-05,Absent
291,453,90,2022-02-26,Present
292,36,84,2021-07-30,Absent
293,411,15,2021-07-13,Present
294,55,19,2024-04-10,Absent
295,26,1,2022-01-11,Late
296,209,100,2021-09-26,Late
297,96,7,2021-03-27,Present
298,228,88,2021-11-12,Absent
299,219,49,2024-07-31,Present
300,188,42,2023-02-12,Present
301,13,12,2023-12-24,Present
302,243,91,2022-08-18,Absent
303,318,76,2022-06-28,Present
304,357,83,2024-07-31,Late
305,473,65,2021-12-09,Late
306,265,69,2022-01-31,Late
307,16,55,2022-08-19,Late
308,486,78,2022-07-04,Absent
309,367,41,2024-10-05,Late
310,258,26,2023-11-13,Present
311,493,57,2023-06-29,Late
312,191,35,2021-02-06,Absent
313,337,44,2022-04-19,Present
314,74,79,2021-08-23,Present
315,117,23,2022-04-20,Present
316,101,82,2023-03-17,Present
317,115,49,2022-07-01,Absent
318,434,29,2023-03-30,Present
319,139,2,2024-11-26,Present
320,392,50,2024-08-22,Late
321,391,83,2021-11-19,Present
322,120,51,2021-09-29,Late
323,247,61,2024-02-03,Present
324,346,25,2021-09-05,Absent
325,13,99,2022-11-10,Absent
326,124,4,2021-04-03,Absent
327,492,1,2021-05-31,Present
328,74,95,2024-03-11,Present
329,169,53,2022-12-16,Late
330,127,82,2024-03-10,Absent
331,281,68,2024-05-21,Late
332,472,13,2023-07-06,Present
333,294,26,2023-01-13,Present
334,449,31,2021-10-26,Present
335,9,80,2023-10-20,Late
336,184,69,2021-10-03,Late
337,449,10,2023-07-12,Late
338,203,26,2021-08-22,Absent
339,461,17,2021-07-02,Absent
340,301,30,2024-01-30,Present
341,288,86,2024-10-24,Absent
342,165,93,2021-09-22,Absent
343,69,85,2023-03-28,Absent
344,199,97,2021-10-14,Late
345,466,62,2022-08-16,Absent
346,138,73,2024-03-04,Present
347,177,23,2022-09-22,Present
348,161,71,2023-07-19,Late
349,114,70,2021-05-07,Present
350,429,18,2021-10-17,Present
351,379,21,2021-05-03,Present
352,377,20,2024-08-31,Late
353,232,64,2022-06-14,Absent
354,399,13,2021-04-10,Late
355,443,23,2022-12-27,Present
356,3,94,2021-12-23,Present
357,301,80,2023-12-10,Absent
358,214,64,2024-07-23,Present
359,445,83,2025-01-29,Absent
360,472,82,2022-11-10,Absent
361,471,87,2022-03-11,Late
362,421,9,2024-06-10,Present
363,276,37,2022-05-09,Present
364,89,17,2022-03-30,Present
365,394,68,2023-12-09,Present
366,322,100,2023-01-08,Absent
367,497,31,2024-06-17,Absent
368,434,99,2021-03-29,Late
369,89,1,2024-01-12,Present
370,147,63,2024-11-06,Absent
371,291,17,2024-12-30,Late
372,99,18,2023-06-03,Late
373,384,13,2023-12-28,Late
374,279,29,2024-07-04,Late
375,258,4,2024-09-07,Absent
376,136,79,2024-07-07,Absent
377,24,85,2024-02-21,Late
378,220,50,2023-09-04,Absent
379,335,82,2022-12-11,Late
380,251,71,2021-10-16,Present
381,60,85,2021-06-22,Present
382,357,31,2024-01-20,Present
383,25,23,2025-01-22,Absent
384,34,49,2024-12-03,Present
385,249,41,2023-05-29,Absent
386,319,56,2024-12-07,Present
387,106,59,2021-11-18,Present
388,466,58,2024-08-24,Present
389,217,48,2022-07-26,Late
390,132,79,2024-06-01,Absent
391,254,13,2021-07-07,Late
392,392,67,2023-12-07,Absent
393,380,1,2023-04-28,Present
394,57,14,2022-05-22,Present
395,316,93,2022-11-14,Present
396,444,60,2023-06-12,Late
397,319,17,2024-11-12,Absent
398,372,72,2021-11-26,Late
399,168,8,2024-04-28,Late
400,472,66,2024-11-24,Late
401,4,53,2021-08-14,Absent
402,41,22,2024-06-03,Absent
403,163,28,2024-04-20,Late
404,407,91,2021-09-27,Present
405,465,38,2022-05-27,Late
406,117,37,2024-09-08,Late
407,452,59,2021-04-05,Late
408,389,40,2024-01-14,Late
409,314,56,2023-02-14,Present
410,391,10,2023-03-29,Absent
411,229,24,2021-07-02,Absent
412,166,62,2022-07-22,Late
413,94,18,2022-08-06,Late
414,311,25,2024-10-27,Absent
415,371,4,2024-11-25,Present
416,396,6,2025-01-24,Late
417,157,47,2021-10-16,Late
418,338,92,2021-11-26,Absent
419,101,41,2022-05-30,Absent
420,378,80,2021-05-12,Absent
421,42,66,2021-07-31,Present
422,160,83,2023-10-13,Late
423,196,76,2022-12-14,Absent
424,376,68,2023-07-12,Absent
425,278,90,2024-09-24,Present
426,213,16,2021-06-15,Present
427,320,78,2022-02-14,Late
428,466,80,2024-12-24,Late
429,88,43,2024-06-26,Absent
430,424,52,2022-03-04,Present
431,481,98,2022-01-13,Late
432,185,62,2022-03-10,Late
433,339,3,2022-02-01,Late
434,133,17,2024-03-09,Present
435,289,17,2024-08-19,Late
436,32,48,2021-05-23,Present
437,19,22,2024-03-16,Late
438,337,7,2023-05-29,Present
439,40,46,2023-07-08,Late
440,270,76,2022-04-19,Late
441,430,22,2024-09-14,Late
442,399,16,2023-12-07,Late
443,94,94,2024-06-07,Absent
444,76,64,2021-12-10,Absent
445,17,55,2023-03-23,Late
446,464,30,2025-01-21,Late
447,28,66,2022-04-04,Present
448,79,64,2024-12-14,Absent
449,227,77,2022-09-28,Late
450,252,54,2024-06-08,Absent
451,282,23,2024-06-03,Present
452,27,90,2022-08-26,Late
453,295,36,2024-10-24,Present
454,492,32,2022-05-16,Present
455,251,48,2022-11-16,Present
456,390,21,2023-09-16,Present
457,500,84,2023-09-23,Absent
458,349,37,2024-09-11,Present
459,357,61,2023-05-18,Absent
460,404,92,2021-04-21,Late
461,418,20,2024-01-01,Late
462,240,50,2022-03-02,Late
463,109,68,2022-06-11,Late
464,69,99,2024-03-13,Absent
465,336,66,2024-02-20,Present
466,83,78,2021-05-07,Present
467,15,11,2023-01-01,Absent
468,488,63,2022-02-10,Late
469,361,21,2021-08-14,Absent
470,337,12,2021-07-31,Late
471,236,77,2021-11-22,Present
472,44,17,2021-11-17,Absent
473,493,25,2025-01-30,Late
474,317,12,2023-07-28,Present
475,9,20,2022-10-09,Present
476,68,27,2021-05-28,Present
477,395,69,2023-07-26,Absent
478,87,25,2023-10-03,Present
479,302,54,2022-01-21,Absent
480,346,99,2023-04-05,Present
481,177,24,2021-02-16,Absent
482,431,38,2021-11-01,Late
483,371,69,2024-12-19,Absent
484,100,42,2021-10-16,Absent
485,485,10,2023-04-19,Absent
486,378,90,2024-09-04,Absent
487,4,25,2023-10-26,Present
488,60,38,2024-06-15,Late
489,316,61,2022-01-26,Present
490,457,96,2021-08-05,Present
491,245,65,2024-12-06,Late
492,52,32,2021-03-08,Late
493,443,11,2022-09-25,Late
494,269,19,2023-02-06,Present
495,14,24,2024-01-25,Late
496,146,19,2022-07-11,Absent
497,9,18,2022-11-03,Absent
498,81,60,2024-12-13,Present
499,396,22,2021-04-22,Late
500,345,22,2022-08-19,Absent
501,490,31,2023-06-18,Present
502,402,64,2024-07-13,Present
503,41,52,2023-01-26,Absent
504,263,84,2022-07-05,Absent
505,135,66,2023-07-12,Absent
506,50,12,2021-04-19,Absent
507,95,64,2023-09-26,Absent
508,281,47,2023-03-17,Absent
509,73,83,2024-02-25,Present
510,476,52,2022-11-17,Absent
511,305,79,2024-02-22,Present
512,237,59,2022-06-12,Present
513,435,86,2024-11-28,Absent
514,423,19,2023-03-10,Late
515,19,27,2022-03-12,Late
516,385,36,2024-04-19,Present
517,80,38,2021-04-25,Late
518,283,31,2022-10-26,Absent
519,26,45,2024-05-06,Late
520,335,15,2024-06-29,Present
521,142,32,2022-08-03,Late
522,256,3,2023-11-19,Present
523,290,78,2021-11-14,Absent
524,455,8,2024-07-07,Absent
525,333,67,2022-04-05,Present
526,390,46,2021-03-04,Present
527,279,36,2021-02-20,Absent
528,467,73,2022-09-28,Late
529,444,84,2022-01-16,Present
530,425,60,2022-01-17,Absent
531,477,45,2023-10-09,Present
532,268,3,2023-02-18,Late
533,404,94,2022-09-16,Absent
534,263,89,2024-04-06,Absent
535,494,46,2022-02-02,Absent
536,474,79,2023-09-16,Present
537,86,55,2024-01-08,Absent
538,41,12,2023-12-26,Absent
539,481,89,2023-03-13,Late
540,65,48,2025-01-09,Late
541,467,2,2022-08-19,Present
542,87,1,2022-09-23,Absent
543,407,11,2021-04-17,Present
544,233,74,2022-02-27,Present
545,51,89,2023-05-02,Late
546,345,93,2021-02-10,Present
547,154,31,2023-08-18,Present
548,278,72,2023-02-21,Present
549,68,100,2023-02-17,Late
550,336,85,2024-08-11,Absent
551,100,10,2024-03-02,Absent
552,165,80,2023-03-03,Absent
553,104,60,2024-10-16,Absent
554,389,77,2025-01-12,Present
555,218,94,2024-07-25,Late
556,306,5,2023-05-16,Late
557,22,39,2021-07-05,Absent
558,478,77,2024-02-08,Present
559,217,17,2022-03-19,Present
560,103,70,2023-10-02,Absent
561,125,52,2021-06-15,Absent
562,147,4,2021-05-18,Late
563,391,25,2024-10-14,Absent
564,377,86,2021-03-07,Present
565,444,37,2021-12-25,Late
566,61,74,2021-12-02,Late
567,243,45,2024-11-20,Late
568,223,62,2021-04-19,Absent
569,227,16,2023-09-26,Absent
570,21,44,2021-07-20,Present
571,436,31,2024-04-04,Late
572,92,67,2023-03-07,Absent
573,236,25,2021-11-26,Absent
574,21,88,2024-12-06,Late
575,221,8,2021-03-17,Present
576,199,8,2023-05-12,Late
577,294,66,2023-10-21,Late
578,274,1,2024-10-04,Absent
579,134,33,2024-11-25,Absent
580,389,8,2022-02-23,Present
581,157,38,2022-10-20,Present
582,136,57,2021-09-25,Late
583,156,55,2021-05-28,Late
584,343,99,2021-10-30,Present
585,260,14,2023-05-04,Late
586,468,86,2024-10-13,Late
587,219,40,2021-06-19,Late
588,172,18,2024-08-07,Present
589,202,37,2022-08-13,Late
590,238,5,2021-12-13,Late
591,458,33,2021-12-25,Absent
592,108,69,2023-12-12,Present
593,199,70,2024-10-18,Absent
594,376,58,2024-10-29,Late
595,273,47,2022-06-22,Late
596,423,48,2022-09-30,Present
597,279,80,2024-11-29,Late
598,495,55,2024-08-09,Present
599,184,45,2023-03-27,Present
600,312,98,2023-02-05,Present
601,38,18,2022-06-06,Absent
602,462,63,2021-04-20,Present
603,278,70,2021-12-19,Absent
604,451,11,2021-12-24,Absent
605,91,24,2023-05-18,Present
606,351,47,2023-09-12,Absent
607,382,38,2021-10-28,Late
608,363,36,2024-02-29,Absent
609,441,7,2022-09-03,Absent
610,252,42,2025-01-11,Present
611,102,49,2023-06-15,Absent
612,53,1,2024-11-30,Late
613,444,50,2021-08-21,Present
614,26,19,2024-12-27,Absent
615,325,19,2022-09-25,Present
616,489,61,2022-06-05,Absent
617,159,43,2022-12-17,Present
618,259,58,2021-02-19,Late
619,25,1,2024-03-12,Absent
620,21,92,2022-07-24,Absent
621,217,64,2022-02-26,Present
622,191,14,2024-05-06,Absent
623,171,7,2024-04-07,Late
624,281,25,2022-09-06,Present
625,341,85,2022-07-26,Present
626,22,2,2021-10-20,Absent
627,77,22,2023-04-25,Late
628,14,30,2024-11-27,Absent
629,466,19,2024-02-02,Late
630,53,71,2024-10-19,Late
631,224,73,2022-10-31,Late
632,240,67,2023-07-20,Present
633,129,65,2022-04-05,Late
634,435,7,2022-08-13,Late
635,45,61,2023-02-22,Late
636,412,46,2022-08-24,Absent
637,76,39,2022-03-22,Present
638,384,63,2024-03-25,Present
639,257,71,2023-07-14,Present
640,273,48,2024-12-13,Late
641,262,19,2023-02-10,Late
642,368,26,2022-09-12,Late
643,355,42,2024-05-23,Absent
644,259,57,2021-07-16,Present
645,175,35,2022-08-09,Present
646,287,3,2023-02-18,Absent
647,464,34,2022-04-30,Absent
648,378,76,2021-06-10,Late
649,353,13,2022-02-13,Present
650,378,89,2022-12-19,Absent
651,181,4,2021-08-30,Late
652,361,55,2022-12-22,Present
653,23,62,2024-05-25,Present
654,486,68,2021-09-05,Present
655,271,49,2025-01-25,Absent
656,200,80,2024-10-22,Absent
657,209,4,2024-05-12,Absent
658,263,99,2022-05-22,Present
659,263,90,2023-04-26,Absent
660,115,26,2021-08-03,Present
661,348,68,2023-06-09,Late
662,60,62,2024-12-23,Late
663,164,29,2021-04-02,Absent
664,431,1,2022-10-28,Present
665,125,9,2024-08-11,Absent
666,272,2,2024-05-02,Absent
667,216,99,2024-09-13,Absent
668,364,41,2025-01-04,Absent
669,466,19,2023-01-09,Late
670,287,25,2024-07-07,Present
671,333,90,2022-11-26,Absent
672,103,6,2021-08-25,Late
673,159,22,2022-12-28,Absent
674,171,79,2022-10-17,Present
675,228,68,2024-05-28,Late
676,396,33,2021-05-19,Absent
677,19,68,2023-06-28,Absent
678,363,91,2022-01-06,Absent
679,66,50,2024-10-28,Present
680,237,82,2024-12-10,Late
681,130,4,2024-08-29,Absent
682,43,81,2021-08-30,Late
683,362,91,2022-10-31,Present
684,279,39,2023-04-26,Absent
685,140,64,2024-11-26,Late
686,65,44,2024-01-12,Late
687,362,55,2023-06-25,Present
688,393,91,2024-02-26,Present
689,173,98,2023-08-10,Absent
690,115,17,2024-11-21,Absent
691,488,10,2023-05-08,Absent
692,329,45,2023-04-12,Late
693,356,20,2024-09-24,Late
694,255,26,2022-09-29,Absent
695,363,62,2024-11-12,Late
696,393,62,2021-08-16,Absent
697,367,1,2024-10-07,Late
698,380,83,2022-04-06,Absent
699,324,14,2023-09-24,Absent
700,495,88,2021-02-26,Late
701,407,9,2023-05-18,Present
702,337,70,2022-08-03,Late
703,381,79,2023-08-31,Present
704,110,3,2021-10-09,Present
705,257,60,2024-02-14,Late
706,339,98,2022-11-18,Absent
707,61,8,2021-09-23,Absent
708,39,7,2022-02-05,Late
709,450,26,2021-03-07,Late
710,25,26,2024-06-29,Present
711,150,69,2023-06-18,Present
712,439,33,2024-01-06,Absent
713,190,1,2022-03-16,Late
714,221,31,2023-11-21,Present
715,456,65,2024-08-03,Present
716,408,38,2022-11-20,Absent
717,277,29,2024-06-30,Late
718,450,62,2021-06-01,Late
719,436,85,2024-08-09,Present
720,165,12,2024-07-17,Present
721,148,42,2023-04-06,Late
722,435,27,2022-08-05,Present
723,260,29,2024-10-22,Absent
724,386,84,2023-11-15,Late
725,238,88,2021-07-19,Absent
726,21,43,2024-07-14,Present
727,44,9,2024-08-15,Late
728,320,32,2024-03-23,Absent
729,298,19,2024-10-03,Late
730,121,26,2025-01-31,Present
731,17,93,2022-12-12,Absent
732,175,82,2024-04-15,Absent
733,144,38,2023-07-09,Absent
734,5,74,2024-03-17,Present
735,94,38,2021-05-14,Late
736,251,4,2022-07-08,Late
737,116,52,2024-11-05,Late
738,484,43,2025-01-10,Absent
739,172,34,2024-02-18,Late
740,25,87,2022-02-12,Late
741,306,12,2021-09-16,Late
742,411,30,2024-10-28,Late
743,5,53,2023-06-18,Late
744,226,63,2021-05-13,Late
745,200,67,2023-05-23,Present
746,175,73,2021-07-06,Late
747,270,32,2023-01-23,Present
748,226,5,2021-08-14,Present
749,230,82,2024-08-01,Absent
750,421,34,2022-02-18,Absent
751,483,22,2021-03-13,Absent
752,337,10,2024-08-02,Present
753,147,8,2021-11-11,Late
754,370,95,2022-09-05,Absent
755,433,16,2023-01-01,Present
756,318,81,2023-05-16,Present
757,452,94,2022-02-19,Absent
758,475,41,2024-06-07,Late
759,84,50,2022-08-23,Absent
760,349,18,2021-07-26,Late
761,147,59,2025-01-03,Absent
762,455,26,2024-01-23,Absent
763,307,24,2022-10-04,Present
764,154,53,2021-12-04,Absent
765,102,47,2023-10-10,Late
766,312,53,2024-08-27,Late
767,443,86,2021-08-08,Absent
768,303,5,2023-03-10,Present
769,69,74,2023-01-07,Present
770,500,79,2022-11-12,Absent
771,486,6,2024-07-01,Present
772,436,83,2022-10-31,Late
773,175,7,2024-03-05,Late
774,19,20,2023-03-29,Late
775,290,47,2023-04-22,Absent
776,319,72,2023-08-06,Absent
777,18,57,2021-12-06,Present
778,8,99,2022-05-19,Absent
779,464,29,2023-06-16,Absent
780,239,31,2023-03-09,Present
781,417,70,2022-11-25,Present
782,3,78,2024-10-01,Absent
783,245,63,2024-03-10,Late
784,190,20,2022-11-27,Absent
785,7,83,2023-01-28,Present
786,238,80,2021-11-07,Absent
787,201,13,2022-03-10,Present
788,55,40,2023-09-11,Late
789,246,72,2021-08-29,Late
790,102,18,2023-04-03,Late
791,292,30,2024-08-04,Late
792,237,77,2021-03-14,Absent
793,151,87,2023-08-09,Present
794,48,22,2022-07-05,Absent
795,223,85,2024-11-25,Present
796,383,23,2023-05-03,Present
797,196,2,2024-07-29,Present
798,323,53,2024-09-05,Absent
799,390,6,2022-04-05,Present
800,179,93,2023-08-29,Present
801,427,58,2023-11-03,Late
802,493,77,2023-01-23,Absent
803,331,37,2022-11-12,Absent
804,361,78,2022-05-03,Present
805,70,27,2023-11-18,Present
806,346,95,2022-02-26,Absent
807,481,47,2024-07-26,Absent
808,331,90,2022-06-07,Absent
809,386,80,2024-08-22,Present
810,423,23,2022-05-22,Late
811,70,38,2023-02-11,Absent
812,495,22,2023-04-09,Absent
813,293,56,2021-04-20,Present
814,267,16,2024-06-03,Present
815,376,81,2024-07-08,Late
816,102,13,2023-05-29,Absent
817,242,62,2023-06-13,Present
818,256,12,2022-08-12,Absent
819,416,36,2024-04-04,Present
820,468,97,2021-05-19,Present
821,56,15,2022-03-09,Absent
822,360,57,2024-08-11,Present
823,353,84,2021-10-24,Present
824,338,37,2023-09-05,Present
825,340,88,2024-09-18,Late
826,457,10,2024-08-15,Absent
827,259,22,2022-11-11,Late
828,194,37,2021-09-30,Absent
829,34,1,2021-02-09,Absent
830,257,85,2023-02-08,Absent
831,88,37,2024-06-14,Present
832,67,48,2021-05-06,Absent
833,403,65,2024-12-18,Late
834,222,99,2021-06-28,Present
835,217,98,2023-03-25,Late
836,400,6,2023-11-20,Late
837,467,81,2024-09-09,Present
838,466,79,2023-03-11,Late
839,168,29,2021-03-04,Absent
840,463,78,2023-03-18,Present
841,225,26,2024-07-21,Late
842,271,98,2024-01-12,Absent
843,7,1,2022-09-20,Present
844,428,48,2021-07-06,Late
845,88,32,2022-06-07,Absent
846,271,100,2023-01-25,Present
847,323,87,2024-08-21,Present
848,116,25,2021-09-26,Absent
849,301,61,2024-10-06,Absent
850,19,19,2022-12-31,Late
851,308,40,2023-11-28,Present
852,150,65,2021-04-15,Present
853,221,59,2022-10-06,Present
854,471,38,2024-10-29,Present
855,334,62,2023-02-15,Late
856,435,8,2024-06-06,Absent
857,415,83,2023-02-07,Absent
858,328,72,2021-03-27,Present
859,193,58,2024-01-08,Absent
860,281,17,2023-10-06,Absent
861,364,56,2021-06-14,Late
862,63,95,2023-02-11,Late
863,180,46,2023-08-24,Present
864,365,90,2022-04-12,Present
865,393,57,2025-01-05,Late
866,282,82,2024-02-28,Absent
867,186,46,2024-02-01,Absent
868,168,73,2023-07-24,Absent
869,164,97,2021-05-12,Present
870,421,10,2024-11-16,Absent
871,225,61,2023-01-17,Absent
872,280,22,2022-05-12,Present
873,353,1,2024-10-25,Late
874,420,31,2022-04-23,Late
875,267,87,2024-01-08,Present
876,302,21,2023-09-29,Absent
877,498,46,2022-08-11,Late
878,41,46,2022-03-21,Late
879,263,85,2022-05-27,Absent
880,288,99,2022-11-13,Late
881,408,97,2021-04-25,Absent
882,110,42,2024-11-22,Present
883,98,52,2023-05-12,Late
884,192,90,2021-09-02,Late
885,461,62,2021-12-12,Absent
886,402,84,2022-11-27,Absent
887,99,39,2022-12-31,Late
888,395,24,2023-08-19,Present
889,460,89,2022-07-22,Absent
890,430,58,2022-10-16,Present
891,127,38,2024-10-25,Late
892,483,30,2024-03-27,Late
893,377,87,2024-12-08,Present
894,311,66,2023-05-29,Absent
895,297,91,2022-02-16,Present
896,250,33,2021-11-08,Late
897,399,70,2024-12-20,Late
898,417,52,2022-02-19,Late
899,69,57,2023-05-08,Late
900,239,97,2021-02-27,Absent
901,330,70,2023-07-10,Present
902,49,89,2023-11-22,Absent
903,106,61,2023-03-27,Absent
904,180,75,2021-02-13,Present
905,152,5,2021-10-05,Present
906,334,60,2023-08-27,Present
907,435,47,2022-05-09,Present
908,457,94,2024-08-19,Present
909,374,66,2024-08-05,Absent
910,439,50,2023-01-21,Present
911,296,76,2022-07-21,Present
912,2,96,2021-12-21,Absent
913,265,75,2022-09-06,Present
914,498,28,2024-06-13,Absent
915,432,47,2023-09-09,Late
916,434,77,2021-12-03,Late
917,334,92,2022-11-19,Late
918,372,75,2022-09-10,Present
919,38,48,2024-06-25,Present
920,267,81,2024-05-21,Late
921,232,74,2024-01-19,Absent
922,47,9,2024-03-22,Present
923,198,56,2022-01-25,Late
924,235,25,2022-03-05,Present
925,491,54,2024-08-26,Present
926,421,1,2021-05-21,Late
927,412,77,2024-01-25,Late
928,410,34,2021-05-04,Present
929,314,100,2024-03-01,Absent
930,398,23,2024-01-30,Present
931,398,31,2023-10-09,Late
932,173,41,2021-08-24,Present
933,401,56,2024-11-06,Absent
934,206,45,2022-01-04,Present
935,149,45,2025-01-19,Absent
936,348,6,2024-04-01,Present
937,128,69,2021-04-18,Late
938,26,75,2022-01-23,Absent
939,365,32,2023-07-14,Present
940,135,12,2023-05-06,Late
941,43,37,2024-11-22,Absent
942,63,42,2021-06-08,Absent
943,204,84,2021-05-25,Absent
944,128,65,2022-09-29,Late
945,213,22,2021-05-30,Absent
946,438,43,2025-01-08,Absent
947,436,37,2024-09-03,Absent
948,127,73,2023-10-04,Absent
949,244,38,2023-06-21,Absent
950,403,64,2023-01-19,Absent
951,45,53,2024-12-30,Late
952,246,31,2022-01-17,Absent
953,108,9,2022-09-03,Absent
954,87,10,2022-11-12,Absent
955,367,81,2022-03-30,Late
956,59,48,2023-03-15,Present
957,421,97,2023-07-06,Late
958,60,63,2022-07-03,Present
959,345,100,2023-08-16,Absent
960,91,97,2024-11-23,Absent
961,110,61,2024-10-06,Late
962,47,20,2023-01-03,Present
963,481,26,2021-11-06,Present
964,303,95,2024-01-04,Present
965,203,87,2021-10-27,Absent
966,304,85,2023-06-23,Late
967,323,45,2022-10-17,Absent
968,369,44,2024-12-06,Absent
969,245,53,2021-05-06,Late
970,308,48,2023-03-20,Late
971,439,23,2023-04-18,Present
972,143,55,2023-08-26,Present
973,253,62,2024-02-16,Present
974,306,88,2021-11-18,Late
975,216,3,2023-05-05,Absent
976,391,10,2021-02-24,Late
977,74,29,2021-12-12,Late
978,240,74,2021-04-18,Late
979,192,54,2021-02-05,Absent
980,123,58,2024-08-15,Absent
981,304,50,2022-08-02,Late
982,352,22,2021-05-05,Late
983,443,87,2021-05-03,Present
984,458,70,2023-06-26,Late
985,278,69,2023-02-21,Late
986,497,80,2021-08-22,Late
987,313,70,2022-05-09,Present
988,494,98,2022-04-01,Late
989,193,12,2024-02-19,Present
990,456,25,2024-07-10,Absent
991,9,60,2022-08-18,Present
992,279,83,2024-03-01,Present
993,380,84,2023-11-28,Absent
994,273,50,2024-12-09,Absent
995,329,64,2023-04-01,Late
996,497,62,2024-03-24,Late
997,340,10,2024-04-23,Late
998,40,21,2022-06-14,Present
999,409,22,2024-08-30,Absent
1000,268,26,2023-08-23,Absent
1001,242,1,2024-06-17,Absent
1002,370,63,2024-04-01,Late
1003,259,100,2023-04-04,Late
1004,72,80,2022-04-03,Late
1005,150,68,2024-07-22,Absent
1006,179,35,2022-03-19,Late
1007,123,12,2022-05-23,Present
1008,340,9,2021-03-14,Present
1009,283,79,2021-05-30,Present
1010,481,22,2024-05-16,Present
1011,163,42,2023-05-19,Present
1012,433,64,2023-12-10,Absent
1013,298,33,2023-08-25,Late
1014,65,78,2023-08-27,Present
1015,458,39,2024-10-10,Absent
1016,324,56,2024-12-01,Present
1017,470,69,2024-10-11,Absent
1018,83,56,2023-05-26,Absent
1019,170,79,2021-04-26,Absent
1020,381,92,2024-04-12,Absent
1021,14,99,2022-05-03,Late
1022,252,41,2022-10-16,Present
1023,51,88,2023-04-19,Late
1024,346,63,2023-09-30,Absent
1025,467,30,2021-12-31,Absent
1026,40,2,2022-04-10,Present
1027,430,81,2024-06-06,Late
1028,123,1,2024-02-23,Absent
1029,477,94,2021-02-27,Present
1030,479,27,2023-07-07,Absent
1031,97,73,2024-02-13,Absent
1032,292,13,2021-04-28,Late
1033,358,32,2021-11-12,Late
1034,397,77,2023-03-17,Late
1035,399,90,2022-07-18,Present
1036,148,99,2021-02-11,Absent
1037,458,72,2021-09-23,Absent
1038,372,2,2021-06-02,Present
1039,321,7,2022-06-05,Absent
1040,472,59,2023-04-13,Absent
1041,267,34,2023-08-13,Absent
1042,295,89,2024-04-29,Present
1043,296,97,2022-02-27,Absent
1044,184,49,2024-12-18,Late
1045,289,11,2022-06-16,Absent
1046,183,55,2022-07-18,Present
1047,430,82,2024-04-01,Late
1048,39,30,2024-06-10,Absent
1049,165,13,2024-07-02,Late
1050,494,46,2024-09-19,Late
1051,460,81,2021-06-09,Absent
1052,334,95,2022-12-26,Present
1053,54,72,2022-12-27,Absent
1054,437,73,2024-03-23,Absent
1055,200,44,2023-04-26,Absent
1056,132,27,2023-05-30,Present
1057,91,38,2023-02-16,Absent
1058,368,18,2022-05-24,Absent
1059,170,76,2022-05-03,Late
1060,109,32,2023-01-05,Absent
1061,357,49,2023-07-16,Present
1062,190,91,2022-08-31,Late
1063,53,94,2024-07-19,Present
1064,189,33,2023-12-29,Late
1065,469,51,2023-02-07,Late
1066,460,50,2023-04-04,Absent
1067,144,4,2024-11-02,Present
1068,493,73,2024-05-04,Absent
1069,272,78,2024-03-12,Late
1070,104,84,2022-04-23,Late
1071,368,34,2023-06-27,Present
1072,371,21,2022-10-13,Present
1073,271,77,2025-01-02,Present
1074,270,86,2021-05-16,Present
1075,74,59,2022-11-14,Present
1076,332,21,2021-08-19,Late
1077,165,58,2024-01-13,Late
1078,303,78,2022-01-03,Late
1079,124,95,2024-11-24,Absent
1080,187,8,2023-10-30,Present
1081,334,38,2023-04-01,Absent
1082,474,59,2023-07-11,Present
1083,497,64,2022-01-14,Late
1084,403,76,2021-07-17,Absent
1085,86,87,2023-04-21,Absent
1086,402,46,2025-01-02,Absent
1087,202,87,2022-06-11,Absent
1088,174,37,2024-12-08,Present
1089,197,44,2022-03-16,Present
1090,395,97,2022-03-08,Present
1091,53,64,2023-07-15,Absent
1092,457,47,2025-01-08,Absent
1093,450,74,2022-03-15,Absent
1094,128,30,2022-05-03,Late
1095,315,84,2021-09-06,Absent
1096,74,31,2024-09-10,Late
1097,122,79,2023-01-18,Absent
1098,252,74,2022-01-06,Late
1099,105,31,2024-12-24,Absent
1100,23,76,2024-11-28,Late
1101,222,52,2024-07-14,Absent
1102,194,53,2024-02-18,Present
1103,226,54,2022-04-06,Late
1104,240,42,2023-01-25,Late
1105,203,86,2025-01-14,Late
1106,44,84,2024-02-11,Late
1107,404,4,2021-05-16,Absent
1108,486,28,2021-11-19,Present
1109,357,22,2024-10-20,Late
1110,109,34,2023-05-26,Present
1111,383,97,2021-02-12,Present
1112,332,9,2023-10-27,Late
1113,351,96,2021-08-17,Present
1114,82,75,2022-06-28,Present
1115,497,43,2022-11-17,Present
1116,205,63,2022-08-13,Late
1117,199,5,2023-03-12,Late
1118,476,11,2024-05-24,Absent
1119,188,66,2022-12-21,Present
1120,369,16,2022-07-21,Present
1121,157,93,2021-03-28,Present
1122,97,13,2022-10-20,Absent
1123,107,55,2024-02-26,Present
1124,351,36,2022-05-15,Absent
1125,16,79,2024-05-30,Present
1126,129,69,2023-04-19,Absent
1127,332,93,2024-02-11,Late
1128,3,41,2024-11-09,Late
1129,417,4,2024-04-27,Absent
1130,114,42,2024-06-18,Absent
1131,180,20,2021-03-24,Present
1132,297,56,2024-01-22,Present
1133,175,20,2024-07-22,Late
1134,318,34,2023-08-21,Late
1135,316,23,2023-07-10,Absent
1136,405,91,2024-05-27,Late
1137,264,58,2023-02-07,Late
1138,201,53,2023-06-08,Late
1139,430,42,2021-06-21,Present
1140,320,11,2025-01-24,Late
1141,499,20,2023-09-25,Late
1142,164,9,2021-05-29,Present
1143,68,93,2023-07-30,Present
1144,26,48,2021-05-06,Present
1145,118,26,2022-08-13,Absent
1146,244,90,2024-11-04,Present
1147,438,94,2022-10-27,Present
1148,35,26,2022-10-01,Present
1149,75,75,2023-05-20,Present
1150,85,37,2023-05-26,Absent
1151,374,81,2024-05-08,Late
1152,199,29,2021-08-06,Present
1153,14,30,2022-02-16,Late
1154,51,54,2024-09-24,Late
1155,298,95,2021-10-04,Late
1156,263,22,2023-05-29,Late
1157,247,47,2025-01-06,Absent
1158,283,63,2021-04-16,Absent
1159,51,11,2022-02-11,Late
1160,452,94,2021-05-10,Late
1161,451,60,2021-04-21,Present
1162,495,1,2022-06-08,Present
1163,331,35,2021-07-14,Late
1164,123,32,2024-11-27,Late
1165,51,80,2023-07-13,Absent
1166,214,92,2022-05-03,Late
1167,277,59,2024-12-31,Late
1168,106,23,2021-06-15,Present
1169,433,19,2024-05-14,Absent
1170,175,10,2023-06-10,Present
1171,1,60,2023-10-27,Present
1172,321,42,2022-08-17,Late
1173,302,29,2021-03-08,Absent
1174,104,13,2022-06-23,Present
1175,426,39,2023-01-06,Present
1176,281,47,2024-07-18,Absent
1177,393,98,2024-04-25,Present
1178,188,27,2024-04-25,Absent
1179,195,89,2023-06-28,Absent
1180,1,78,2024-07-30,Absent
1181,386,9,2021-10-25,Absent
1182,130,25,2021-11-12,Absent
1183,291,73,2021-07-08,Absent
1184,317,15,2022-02-20,Present
1185,429,98,2021-02-07,Present
1186,6,15,2021-12-21,Late
1187,69,91,2023-01-12,Absent
1188,426,32,2021-04-10,Late
1189,69,5,2021-03-22,Present
1190,36,41,2023-11-27,Late
1191,354,19,2022-10-23,Present
1192,127,16,2023-05-12,Late
1193,500,91,2022-01-28,Late
1194,25,17,2023-03-28,Present
1195,111,9,2022-03-15,Late
1196,130,6,2022-10-15,Absent
1197,68,43,2021-04-11,Absent
1198,261,100,2023-05-23,Late
1199,235,83,2023-09-06,Late
1200,116,34,2022-04-16,Present
1201,480,63,2021-04-19,Absent
1202,119,85,2025-01-06,Present
1203,35,9,2021-09-05,Late
1204,8,1,2024-06-21,Present
1205,44,76,2022-11-17,Absent
1206,94,80,2022-04-09,Absent
1207,230,25,2024-09-25,Present
1208,487,35,2024-08-03,Absent
1209,119,67,2024-01-12,Late
1210,306,75,2021-12-07,Absent
1211,129,86,2022-02-27,Late
1212,107,35,2021-07-18,Absent
1213,409,80,2022-02-09,Present
1214,52,5,2023-09-06,Present
1215,370,13,2023-02-01,Absent
1216,443,76,2022-10-31,Present
1217,192,17,2021-08-15,Present
1218,485,37,2023-11-30,Absent
1219,446,15,2022-01-25,Late
1220,450,57,2024-06-09,Absent
1221,177,21,2023-05-08,Absent
1222,175,57,2023-07-22,Late
1223,369,13,2023-12-30,Late
1224,436,10,2024-05-02,Absent
1225,68,80,2023-03-27,Late
1226,122,74,2022-09-21,Absent
1227,254,24,2022-09-22,Late
1228,16,28,2023-03-18,Late
1229,254,48,2023-07-02,Present
1230,333,10,2021-02-14,Late
1231,110,74,2022-12-06,Late
1232,321,89,2023-09-22,Present
1233,455,43,2021-08-27,Late
1234,483,52,2023-10-17,Late
1235,100,41,2023-02-01,Present
1236,366,51,2022-06-25,Absent
1237,376,92,2021-05-26,Late
1238,285,60,2024-10-27,Absent
1239,373,89,2022-12-03,Late
1240,378,10,2021-06-21,Present
1241,471,46,2023-06-19,Present
1242,236,37,2021-06-23,Present
1243,379,60,2023-06-07,Present
1244,43,75,2024-03-24,Late
1245,134,100,2021-09-11,Present
1246,248,24,2023-07-15,Late
1247,118,28,2024-07-05,Late
1248,193,32,2024-10-16,Present
1249,21,87,2022-03-15,Late
1250,288,34,2021-07-04,Absent
1251,152,60,2021-06-13,Late
1252,495,13,2024-02-27,Absent
1253,360,96,2023-08-31,Present
1254,256,100,2022-08-16,Present
1255,277,75,2024-09-23,Present
1256,30,47,2023-12-25,Late
1257,368,84,2023-12-26,Absent
1258,120,75,2022-08-22,Absent
1259,182,56,2022-02-24,Late
1260,392,49,2022-08-18,Absent
1261,303,59,2024-02-16,Late
1262,434,75,2023-08-11,Present
1263,376,12,2022-09-27,Late
1264,72,82,2024-10-09,Absent
1265,162,30,2023-08-10,Late
1266,16,19,2023-02-20,Late
1267,274,37,2024-05-28,Late
1268,386,91,2024-01-24,Present
1269,446,11,2024-09-04,Absent
1270,204,7,2024-05-12,Absent
1271,292,63,2021-03-20,Present
1272,214,36,2021-06-25,Present
1273,425,6,2021-12-10,Present
1274,92,52,2023-01-26,Present
1275,316,37,2024-06-04,Absent
1276,300,41,2022-09-28,Late
1277,57,86,2024-12-08,Late
1278,254,53,2023-11-13,Absent
1279,98,20,2023-12-15,Late
1280,405,22,2022-08-11,Absent
1281,50,25,2023-06-28,Absent
1282,311,74,2023-04-30,Absent
1283,238,19,2023-08-15,Late
1284,45,18,2023-07-08,Late
1285,214,7,2023-02-26,Absent
1286,121,29,2024-02-25,Late
1287,65,13,2021-11-20,Absent
1288,278,83,2023-04-08,Absent
1289,123,46,2021-07-12,Absent
1290,143,32,2023-05-24,Late
1291,489,46,2021-02-20,Absent
1292,486,70,2022-03-31,Absent
1293,401,69,2021-09-17,Late
1294,180,33,2023-10-19,Present
1295,55,67,2025-01-08,Late
1296,7,94,2023-03-22,Absent
1297,396,2,2023-10-06,Present
1298,420,49,2022-05-18,Absent
1299,349,72,2024-04-20,Late
1300,401,66,2022-02-01,Present
1301,254,85,2021-11-19,Absent
1302,349,42,2024-07-01,Present
1303,89,68,2021-02-18,Present
1304,424,75,2024-11-22,Late
1305,16,79,2023-05-21,Late
1306,248,63,2023-04-03,Absent
1307,303,23,2023-03-15,Absent
1308,423,32,2022-08-18,Present
1309,317,38,2023-04-15,Absent
1310,300,28,2023-01-09,Absent
1311,129,49,2024-01-20,Late
1312,163,89,2022-10-24,Present
1313,275,24,2024-04-29,Absent
1314,229,66,2024-02-25,Absent
1315,487,14,2022-05-05,Late
1316,400,87,2024-07-14,Absent
1317,384,99,2023-01-11,Late
1318,346,90,2022-11-16,Present
1319,310,92,2021-06-16,Present
1320,189,5,2023-08-30,Late
1321,462,29,2024-03-24,Absent
1322,69,9,2022-05-09,Late
1323,215,52,2025-01-31,Late
1324,415,98,2024-05-30,Late
1325,447,10,2024-11-07,Late
1326,207,51,2023-07-11,Absent
1327,353,50,2023-08-04,Late
1328,411,64,2024-02-16,Present
1329,124,3,2022-04-24,Late
1330,284,45,2023-07-12,Present
1331,213,32,2024-11-22,Absent
1332,94,46,2023-11-13,Present
1333,213,2,2022-11-23,Late
1334,272,6,2021-07-29,Late
1335,169,87,2023-03-12,Late
1336,220,94,2023-03-19,Absent
1337,338,18,2024-08-08,Present
1338,112,86,2022-05-08,Late
1339,190,36,2021-03-02,Present
1340,336,44,2024-11-09,Late
1341,314,39,2023-12-01,Present
1342,14,97,2024-02-08,Absent
1343,48,74,2022-11-22,Absent
1344,485,60,2023-07-15,Absent
1345,496,98,2024-10-06,Present
1346,133,95,2021-11-24,Late
1347,405,17,2023-09-06,Present
1348,376,30,2022-06-02,Absent
1349,397,70,2023-12-16,Absent
1350,481,47,2024-07-09,Present
1351,433,90,2021-05-12,Present
1352,135,4,2022-04-15,Late
1353,320,92,2022-04-03,Present
1354,354,88,2024-05-22,Present
1355,29,58,2023-04-20,Late
1356,171,82,2022-05-05,Present
1357,407,53,2023-05-25,Late
1358,396,95,2024-03-11,Absent
1359,390,89,2022-09-08,Present
1360,496,54,2024-08-02,Absent
1361,65,27,2024-04-09,Present
1362,86,2,2023-07-20,Late
1363,15,71,2024-05-17,Present
1364,375,55,2022-05-19,Absent
1365,352,31,2022-05-30,Absent
1366,451,41,2023-06-20,Late
1367,416,72,2024-01-03,Present
1368,101,53,2024-12-11,Late
1369,79,69,2021-10-19,Absent
1370,373,76,2024-05-10,Absent
1371,127,95,2021-02-20,Late
1372,210,47,2021-10-18,Absent
1373,67,95,2024-10-17,Present
1374,93,40,2021-03-06,Late
1375,206,58,2021-11-22,Present
1376,16,55,2023-09-09,Absent
1377,203,40,2021-04-26,Present
1378,91,86,2023-01-11,Absent
1379,332,92,2022-01-16,Late
1380,363,46,2023-11-28,Present
1381,183,65,2024-06-09,Late
1382,492,96,2022-09-28,Present
1383,437,9,2024-02-23,Absent
1384,106,19,2021-07-23,Late
1385,307,68,2023-11-07,Absent
1386,367,96,2022-02-06,Late
1387,399,96,2023-07-29,Present
1388,207,76,2022-01-19,Present
1389,118,58,2022-02-14,Late
1390,191,96,2022-11-24,Present
1391,336,33,2022-08-09,Absent
1392,123,9,2024-02-16,Present
1393,195,50,2024-08-26,Present
1394,398,90,2022-05-19,Absent
1395,487,32,2021-05-08,Present
1396,190,100,2022-04-04,Late
1397,98,23,2022-03-31,Late
1398,83,8,2024-11-14,Present
1399,169,61,2025-01-13,Present
1400,224,93,2023-08-23,Present
1401,367,39,2023-04-12,Late
1402,91,56,2024-07-25,Late
1403,419,43,2024-04-19,Present
1404,17,69,2022-11-26,Present
1405,446,71,2021-04-29,Late
1406,168,42,2021-05-11,Absent
1407,257,46,2024-02-26,Present
1408,368,93,2022-08-04,Present
1409,33,71,2025-01-02,Absent
1410,386,24,2021-03-08,Present
1411,214,52,2023-04-07,Late
1412,367,49,2022-12-28,Absent
1413,123,41,2024-02-23,Absent
1414,297,13,2021-04-14,Present
1415,398,11,2023-03-19,Present
1416,421,65,2022-05-11,Present
1417,389,77,2022-11-20,Absent
1418,477,77,2024-10-03,Absent
1419,5,98,2023-02-13,Absent
1420,323,18,2022-11-26,Late
1421,160,37,2022-12-21,Absent
1422,320,29,2023-01-17,Present
1423,102,68,2024-08-14,Absent
1424,199,36,2021-06-10,Absent
1425,330,62,2023-04-09,Absent
1426,347,90,2024-07-24,Present
1427,370,54,2025-01-19,Present
1428,83,51,2024-09-10,Late
1429,99,62,2022-02-26,Present
1430,84,53,2022-01-03,Present
1431,330,60,2022-08-08,Late
1432,235,74,2024-02-20,Absent
1433,157,52,2022-05-07,Present
1434,37,33,2023-02-10,Absent
1435,367,48,2022-03-02,Absent
1436,76,2,2021-06-12,Present
1437,10,69,2024-12-20,Absent
1438,235,81,2021-02-17,Absent
1439,73,82,2022-06-01,Late
1440,443,3,2023-10-07,Late
1441,154,2,2023-05-03,Late
1442,58,52,2021-06-01,Present
1443,421,25,2021-05-02,Late
1444,248,1,2023-03-12,Late
1445,303,2,2021-11-08,Late
1446,309,38,2023-09-23,Late
1447,466,2,2021-04-21,Absent
1448,154,78,2024-06-25,Present
1449,453,49,2021-12-14,Present
1450,199,96,2024-04-22,Present
1451,315,7,2024-08-30,Late
1452,251,31,2024-12-21,Absent
1453,305,45,2021-08-09,Present
1454,499,75,2021-12-26,Absent
1455,183,69,2022-12-26,Late
1456,441,62,2021-10-31,Late
1457,284,61,2022-08-15,Absent
1458,198,92,2023-02-13,Present
1459,194,13,2022-09-30,Absent
1460,376,9,2024-03-15,Present
1461,353,22,2022-06-01,Late
1462,316,93,2024-06-04,Present
1463,48,25,2021-12-23,Present
1464,54,20,2022-12-15,Present
1465,339,54,2023-07-03,Absent
1466,464,57,2022-04-10,Late
1467,195,100,2023-03-22,Absent
1468,35,60,2024-04-12,Absent
1469,245,97,2021-04-17,Present
1470,301,23,2022-05-11,Present
1471,193,73,2024-12-28,Absent
1472,434,7,2022-08-07,Present
1473,107,86,2022-01-19,Late
1474,58,89,2021-08-04,Absent
1475,220,82,2021-08-07,Late
1476,202,28,2022-08-16,Late
1477,437,53,2021-12-20,Absent
1478,387,64,2024-07-28,Absent
1479,6,76,2022-01-24,Present
1480,23,17,2021-02-16,Present
1481,212,34,2023-12-09,Late
1482,450,86,2021-11-19,Absent
1483,94,8,2024-07-04,Late
1484,196,45,2024-04-27,Absent
1485,88,5,2021-10-09,Late
1486,414,44,2023-12-17,Present
1487,430,46,2023-01-23,Present
1488,36,60,2022-04-03,Present
1489,30,49,2022-08-01,Absent
1490,412,12,2022-03-26,Present
1491,46,63,2022-04-02,Present
1492,99,42,2024-05-02,Absent
1493,74,13,2023-05-24,Absent
1494,135,54,2025-01-01,Late
1495,472,75,2023-12-22,Absent
1496,330,72,2021-03-15,Present
1497,446,73,2023-02-23,Present
1498,488,4,2024-06-04,Absent
1499,137,16,2024-07-12,Absent
1500,262,66,2022-06-05,Present
1501,455,38,2022-05-09,Late
1502,177,56,2021-09-04,Absent
1503,134,20,2021-09-23,Present
1504,495,26,2021-02-25,Late
1505,46,80,2021-12-12,Absent
1506,143,8,2022-03-21,Present
1507,397,12,2024-07-19,Present
1508,217,57,2024-03-14,Present
1509,3,64,2022-11-02,Late
1510,415,39,2022-12-08,Present
1511,216,44,2023-07-27,Present
1512,173,16,2023-06-27,Late
1513,176,97,2023-03-17,Late
1514,88,77,2024-06-02,Present
1515,300,91,2024-01-02,Absent
1516,366,61,2021-12-19,Present
1517,151,62,2023-10-25,Absent
1518,203,22,2025-01-07,Absent
1519,32,33,2022-08-31,Late
1520,389,59,2021-04-10,Present
1521,69,89,2024-02-27,Present
1522,2,87,2022-06-15,Late
1523,212,71,2021-06-01,Late
1524,466,25,2022-03-19,Absent
1525,7,41,2023-04-05,Present
1526,429,60,2023-10-06,Present
1527,234,85,2021-04-26,Present
1528,33,24,2021-12-19,Late
1529,243,74,2023-08-13,Absent
1530,151,74,2021-06-10,Absent
1531,331,81,2024-06-13,Present
1532,455,57,2024-12-24,Absent
1533,422,73,2021-06-04,Absent
1534,249,86,2023-08-30,Absent
1535,469,85,2021-06-29,Present
1536,8,82,2024-04-21,Present
1537,203,42,2021-07-08,Absent
1538,435,38,2021-02-17,Late
1539,296,98,2023-06-16,Present
1540,56,60,2021-07-03,Present
1541,305,17,2024-07-24,Present
1542,393,9,2023-10-19,Late
1543,93,83,2021-12-08,Late
1544,92,22,2021-02-16,Absent
1545,448,35,2021-05-05,Present
1546,241,75,2023-05-21,Late
1547,355,57,2024-01-28,Present
1548,224,10,2022-09-04,Present
1549,473,73,2024-07-22,Present
1550,177,46,2024-06-03,Present
1551,285,93,2021-09-03,Absent
1552,328,70,2023-07-18,Present
1553,182,19,2023-06-26,Late
1554,172,2,2023-12-13,Present
1555,153,20,2024-05-12,Absent
1556,202,77,2022-09-08,Present
1557,487,48,2022-04-26,Absent
1558,128,51,2023-08-06,Present
1559,157,28,2022-02-05,Present
1560,5,7,2024-03-19,Absent
1561,394,10,2021-12-04,Late
1562,308,53,2024-02-07,Absent
1563,269,17,2023-09-05,Present
1564,206,74,2022-02-20,Present
1565,399,97,2024-10-08,Absent
1566,281,63,2021-08-19,Absent
1567,11,74,2021-04-27,Late
1568,12,25,2024-01-01,Absent
1569,21,5,2021-08-18,Late
1570,212,56,2021-02-25,Present
1571,210,68,2022-04-08,Present
1572,141,9,2021-11-24,Late
1573,465,15,2023-08-04,Absent
1574,423,86,2023-04-30,Absent
1575,463,24,2023-03-20,Late
1576,310,46,2021-08-17,Absent
1577,262,30,2021-05-24,Absent
1578,444,73,2023-08-08,Late
1579,182,62,2023-05-17,Absent
1580,418,1,2024-08-01,Absent
1581,149,99,2023-08-09,Present
1582,333,71,2022-10-21,Absent
1583,67,90,2022-12-12,Late
1584,67,84,2022-12-18,Absent
1585,74,65,2022-01-13,Late
1586,368,7,2024-10-29,Late
1587,160,40,2021-06-06,Absent
1588,216,76,2021-12-08,Absent
1589,249,67,2022-02-16,Late
1590,43,87,2022-11-07,Absent
1591,287,41,2021-08-14,Late
1592,284,23,2021-09-11,Absent
1593,317,5,2022-05-12,Present
1594,411,99,2021-05-25,Absent
1595,151,42,2023-06-24,Present
1596,457,10,2021-12-20,Absent
1597,146,5,2023-08-21,Present
1598,7,66,2024-11-10,Late
1599,464,47,2021-03-04,Present
1600,45,94,2022-03-29,Late
1601,4,54,2023-04-29,Absent
1602,166,19,2024-03-15,Absent
1603,307,51,2023-04-06,Present
1604,420,43,2022-06-07,Absent
1605,419,95,2021-02-27,Late
1606,28,4,2022-12-03,Present
1607,9,14,2024-01-09,Absent
1608,246,26,2023-11-05,Late
1609,474,52,2024-09-14,Absent
1610,284,10,2021-06-02,Absent
1611,239,75,2021-06-16,Absent
1612,66,51,2021-04-15,Late
1613,137,25,2024-01-23,Present
1614,270,23,2023-06-14,Present
1615,123,57,2021-07-02,Present
1616,160,40,2023-10-29,Late
1617,155,62,2021-12-29,Late
1618,321,62,2023-10-05,Present
1619,216,58,2021-08-18,Absent
1620,149,54,2022-07-14,Present
1621,350,36,2022-12-16,Absent
1622,136,9,2023-11-28,Late
1623,156,86,2023-07-18,Present
1624,455,16,2021-08-24,Absent
1625,169,4,2021-02-02,Present
1626,96,28,2021-02-18,Present
1627,420,30,2024-01-21,Absent
1628,362,15,2023-01-10,Present
1629,424,82,2023-08-20,Present
1630,211,53,2021-10-19,Present
1631,42,66,2023-12-01,Absent
1632,338,4,2022-05-24,Late
1633,118,24,2021-12-24,Late
1634,467,33,2024-12-06,Present
1635,141,17,2021-04-25,Late
1636,13,6,2024-08-27,Absent
1637,450,23,2022-04-16,Late
1638,180,77,2022-04-22,Late
1639,230,87,2021-02-26,Absent
1640,83,40,2021-12-15,Present
1641,350,94,2022-07-05,Present
1642,45,84,2021-06-29,Absent
1643,376,28,2022-08-25,Present
1644,97,82,2023-02-16,Late
1645,61,1,2021-10-18,Late
1646,83,84,2022-05-25,Late
1647,301,94,2021-12-10,Present
1648,178,57,2022-08-31,Present
1649,63,77,2023-10-13,Late
1650,500,94,2024-02-11,Present
1651,159,2,2025-01-03,Absent
1652,380,20,2023-07-29,Absent
1653,92,12,2022-07-28,Present
1654,193,54,2023-05-06,Present
1655,229,3,2023-09-23,Late
1656,428,8,2021-04-05,Absent
1657,264,70,2021-09-22,Absent
1658,479,45,2023-01-01,Late
1659,437,71,2021-03-12,Present
1660,495,88,2021-11-22,Absent
1661,53,45,2022-02-02,Late
1662,259,23,2021-05-08,Present
1663,94,28,2024-06-19,Absent
1664,128,76,2024-03-11,Late
1665,379,63,2022-10-14,Late
1666,213,14,2021-08-17,Late
1667,198,4,2021-03-18,Present
1668,176,32,2022-09-04,Late
1669,306,9,2022-05-20,Late
1670,390,9,2021-03-22,Absent
1671,352,76,2022-05-10,Absent
1672,438,12,2021-04-23,Absent
1673,483,51,2021-11-24,Late
1674,78,2,2021-11-20,Present
1675,268,7,2021-07-13,Absent
1676,404,73,2022-12-27,Absent
1677,441,22,2024-03-29,Late
1678,87,22,2023-12-12,Absent
1679,348,56,2024-02-14,Present
1680,222,73,2022-02-14,Late
1681,129,22,2024-01-10,Absent
1682,340,16,2023-03-27,Late
1683,457,81,2022-07-01,Present
1684,339,66,2021-09-03,Present
1685,274,12,2025-01-05,Present
1686,216,53,2022-12-30,Absent
1687,129,56,2022-04-10,Absent
1688,177,39,2023-09-20,Present
1689,20,76,2024-01-03,Absent
1690,140,6,2022-04-21,Late
1691,427,78,2024-09-12,Late
1692,307,20,2022-02-24,Late
1693,409,23,2022-12-09,Late
1694,196,79,2025-01-01,Present
1695,255,33,2022-03-23,Absent
1696,399,68,2023-09-08,Present
1697,39,75,2021-10-13,Absent
1698,432,44,2022-08-06,Present
1699,50,29,2022-06-23,Absent
1700,296,92,2023-09-12,Absent
1701,141,92,2023-12-06,Absent
1702,363,4,2022-09-23,Absent
1703,338,96,2024-04-12,Late
1704,188,16,2024-08-07,Absent
1705,445,37,2024-01-15,Present
1706,276,77,2024-10-07,Late
1707,60,3,2022-10-15,Late
1708,106,54,2024-12-16,Absent
1709,378,24,2024-04-20,Late
1710,452,53,2024-01-04,Late
1711,449,59,2024-08-11,Late
1712,323,4,2022-11-08,Present
1713,10,47,2023-05-19,Absent
1714,462,30,2024-10-28,Present
1715,41,46,2024-06-06,Late
1716,2,56,2022-01-22,Present
1717,432,34,2021-09-28,Present
1718,129,78,2025-01-05,Absent
1719,62,94,2023-08-23,Absent
1720,171,55,2024-01-14,Late
1721,197,71,2024-04-30,Late
1722,172,95,2021-04-03,Late
1723,51,58,2024-08-13,Present
1724,21,77,2023-07-08,Present
1725,160,100,2023-02-09,Late
1726,85,22,2024-10-21,Late
1727,148,44,2023-01-03,Present
1728,499,63,2022-07-07,Late
1729,89,3,2021-10-19,Absent
1730,56,86,2022-10-02,Absent
1731,438,74,2021-08-29,Late
1732,220,47,2023-01-30,Late
1733,113,88,2021-06-22,Absent
1734,147,23,2023-02-27,Absent
1735,43,63,2021-08-05,Present
1736,481,9,2021-06-04,Present
1737,103,96,2022-12-23,Present
1738,328,69,2021-04-29,Late
1739,406,92,2023-08-31,Present
1740,160,95,2022-12-03,Absent
1741,453,22,2024-01-18,Present
1742,301,5,2023-07-07,Late
1743,431,86,2024-07-16,Late
1744,383,18,2024-07-29,Absent
1745,184,27,2022-10-23,Present
1746,103,22,2024-03-12,Late
1747,404,52,2022-12-26,Late
1748,73,58,2023-11-20,Late
1749,159,42,2021-02-02,Present
1750,361,29,2022-08-31,Present
1751,155,5,2024-01-28,Absent
1752,272,90,2023-03-14,Present
1753,71,73,2022-04-02,Present
1754,215,82,2023-12-22,Absent
1755,226,95,2022-10-21,Late
1756,399,100,2025-01-25,Absent
1757,62,63,2021-08-13,Present
1758,82,31,2024-02-11,Present
1759,357,87,2023-08-10,Present
1760,351,57,2021-06-29,Late
1761,321,27,2023-04-17,Late
1762,218,28,2025-01-26,Absent
1763,379,10,2022-04-23,Late
1764,207,25,2022-01-24,Late
1765,43,91,2021-03-11,Present
1766,107,33,2023-01-16,Late
1767,356,3,2025-01-31,Absent
1768,338,60,2024-06-21,Absent
1769,251,68,2022-03-21,Present
1770,277,97,2022-09-02,Present
1771,404,61,2024-02-10,Absent
1772,35,41,2021-08-01,Late
1773,321,28,2024-05-15,Present
1774,162,6,2021-11-18,Late
1775,23,96,2023-08-30,Absent
1776,107,35,2022-05-04,Late
1777,221,51,2022-05-27,Present
1778,29,92,2024-01-22,Late
1779,126,28,2024-03-05,Late
1780,131,79,2023-05-17,Late
1781,320,77,2024-11-07,Absent
1782,150,41,2024-08-19,Late
1783,351,71,2023-08-24,Present
1784,20,33,2021-06-10,Present
1785,365,96,2022-04-05,Present
1786,296,72,2023-06-13,Absent
1787,59,72,2024-10-29,Late
1788,134,35,2022-08-05,Late
1789,210,18,2021-10-19,Late
1790,384,38,2021-04-13,Late
1791,193,11,2021-04-13,Present
1792,291,15,2024-09-14,Absent
1793,485,57,2023-03-10,Late
1794,460,38,2021-03-15,Present
1795,103,96,2021-03-18,Late
1796,402,89,2024-03-29,Present
1797,249,92,2023-11-11,Present
1798,487,82,2021-10-25,Present
1799,260,23,2024-01-03,Present
1800,360,81,2023-09-19,Absent
1801,105,19,2022-09-22,Absent
1802,236,56,2024-11-08,Present
1803,369,18,2021-05-27,Late
1804,475,46,2024-08-24,Absent
1805,97,57,2024-09-01,Late
1806,190,97,2022-04-18,Absent
1807,497,24,2022-09-20,Absent
1808,80,14,2024-08-18,Present
1809,323,29,2024-07-02,Absent
1810,319,75,2024-06-02,Present
1811,218,1,2024-08-13,Absent
1812,64,82,2024-12-28,Late
1813,446,34,2024-06-21,Absent
1814,458,39,2023-10-05,Late
1815,111,63,2023-04-13,Absent
1816,216,13,2022-04-26,Late
1817,51,38,2024-06-20,Late
1818,98,74,2022-09-04,Late
1819,88,42,2023-05-31,Absent
1820,475,36,2021-11-21,Present
1821,89,85,2024-06-27,Present
1822,161,6,2022-12-29,Absent
1823,228,68,2023-12-24,Absent
1824,461,30,2022-09-11,Present
1825,252,6,2023-06-15,Absent
1826,280,88,2022-01-21,Late
1827,5,93,2021-07-26,Present
1828,308,56,2024-08-05,Absent
1829,21,70,2021-04-07,Absent
1830,381,12,2021-05-14,Present
1831,255,74,2021-03-07,Late
1832,208,66,2023-12-29,Absent
1833,332,66,2023-08-02,Late
1834,498,53,2022-06-12,Absent
1835,485,54,2022-05-30,Absent
1836,12,9,2024-08-13,Late
1837,37,9,2023-03-31,Late
1838,24,26,2022-06-16,Absent
1839,359,24,2022-06-17,Late
1840,327,10,2025-01-12,Absent
1841,489,77,2024-05-27,Present
1842,173,34,2021-08-30,Late
1843,59,63,2022-09-17,Late
1844,26,4,2021-10-26,Absent
1845,462,53,2021-08-23,Late
1846,116,76,2021-04-07,Absent
1847,32,56,2022-09-14,Absent
1848,144,61,2021-05-25,Late
1849,388,92,2021-02-05,Present
1850,178,86,2021-02-25,Absent
1851,417,71,2021-05-05,Late
1852,191,58,2022-05-01,Absent
1853,268,42,2022-10-09,Present
1854,154,10,2024-02-25,Absent
1855,406,65,2022-04-29,Late
1856,393,60,2022-05-12,Late
1857,393,1,2024-09-08,Present
1858,498,39,2023-04-25,Present
1859,268,57,2021-11-05,Absent
1860,141,65,2022-12-28,Late
1861,464,7,2021-09-17,Late
1862,334,71,2024-11-12,Late
1863,330,96,2022-04-22,Present
1864,345,88,2021-08-25,Late
1865,191,19,2021-07-02,Absent
1866,411,39,2024-06-05,Present
1867,35,65,2021-06-10,Absent
1868,160,24,2024-09-19,Absent
1869,114,88,2022-01-21,Late
1870,29,22,2024-05-07,Present
1871,395,22,2024-03-05,Present
1872,168,84,2023-03-25,Present
1873,408,5,2023-08-29,Late
1874,388,86,2023-01-20,Absent
1875,185,50,2023-11-02,Late
1876,498,52,2022-03-04,Late
1877,427,34,2021-07-11,Absent
1878,403,39,2023-07-07,Late
1879,264,54,2022-12-26,Present
1880,116,34,2024-05-26,Present
1881,335,29,2021-08-22,Present
1882,400,52,2023-05-11,Absent
1883,312,29,2022-10-05,Late
1884,313,52,2022-08-06,Absent
1885,110,67,2023-03-07,Present
1886,184,70,2021-06-07,Absent
1887,187,80,2024-10-29,Absent
1888,58,83,2022-05-05,Present
1889,15,48,2021-07-24,Late
1890,4,35,2021-11-05,Absent
1891,21,56,2024-04-26,Present
1892,348,68,2021-11-27,Absent
1893,488,60,2021-06-03,Absent
1894,211,14,2022-04-10,Present
1895,422,69,2022-06-23,Absent
1896,311,40,2024-01-09,Present
1897,484,73,2023-05-16,Present
1898,40,84,2022-04-06,Absent
1899,433,47,2023-02-28,Absent
1900,388,38,2024-03-11,Absent
1901,107,79,2021-06-05,Present
1902,218,93,2021-05-11,Late
1903,237,71,2024-03-27,Present
1904,166,8,2023-07-07,Present
1905,298,28,2022-10-18,Late
1906,239,46,2021-11-14,Absent
1907,448,61,2024-02-14,Present
1908,490,8,2023-06-26,Absent
1909,56,100,2025-01-15,Present
1910,92,17,2021-06-27,Present
1911,340,87,2022-09-01,Late
1912,214,75,2023-02-06,Late
1913,456,40,2023-10-22,Absent
1914,149,30,2022-06-15,Absent
1915,30,24,2023-06-27,Present
1916,66,41,2023-11-28,Late
1917,448,36,2023-07-01,Present
1918,42,60,2023-09-11,Late
1919,183,19,2021-05-03,Absent
1920,301,83,2022-04-28,Late
1921,167,99,2022-07-21,Present
1922,210,28,2023-12-20,Absent
1923,39,40,2023-06-09,Absent
1924,251,77,2024-01-21,Absent
1925,113,81,2022-01-12,Late
1926,301,57,2025-01-09,Absent
1927,380,58,2022-10-26,Late
1928,282,26,2023-03-21,Late
1929,245,67,2021-03-30,Absent
1930,327,38,2024-05-02,Late
1931,14,7,2024-08-29,Present
1932,237,95,2024-09-01,Absent
1933,478,72,2023-05-22,Late
1934,350,89,2023-05-10,Late
1935,130,32,2023-08-18,Late
1936,243,51,2022-04-17,Present
1937,373,30,2022-12-25,Present
1938,46,33,2023-09-21,Absent
1939,69,77,2024-04-30,Present
1940,497,67,2022-02-27,Present
1941,317,20,2023-07-22,Late
1942,389,92,2024-08-14,Present
1943,152,87,2023-10-12,Present
1944,292,1,2024-04-22,Present
1945,112,57,2023-08-06,Absent
1946,101,82,2024-02-08,Present
1947,50,78,2021-05-25,Absent
1948,347,1,2024-04-18,Absent
1949,193,40,2022-05-21,Present
1950,229,47,2023-12-31,Present
1951,299,83,2021-06-23,Late
1952,420,19,2021-07-18,Late
1953,209,55,2023-05-17,Present
1954,208,75,2022-07-03,Late
1955,411,28,2021-05-16,Absent
1956,134,90,2024-08-23,Late
1957,228,49,2022-04-28,Absent
1958,327,51,2023-08-09,Present
1959,461,49,2024-12-31,Present
1960,376,30,2021-03-06,Absent
1961,146,87,2023-10-29,Late
1962,307,66,2021-07-19,Present
1963,326,16,2021-11-26,Late
1964,34,76,2024-11-01,Late
1965,60,92,2021-09-25,Present
1966,140,74,2021-04-09,Late
1967,9,58,2022-08-01,Absent
1968,165,49,2024-11-17,Absent
1969,393,22,2023-06-27,Late
1970,87,26,2024-07-26,Absent
1971,34,44,2022-03-19,Present
1972,193,1,2022-08-07,Absent
1973,165,68,2021-10-07,Late
1974,252,82,2022-01-15,Absent
1975,23,22,2021-07-19,Late
1976,198,59,2024-01-18,Absent
1977,83,77,2022-11-16,Absent
1978,384,48,2021-12-24,Late
1979,92,8,2021-06-24,Present
1980,9,50,2023-03-22,Present
1981,461,87,2021-03-19,Late
1982,7,1,2023-08-26,Absent
1983,49,39,2023-04-04,Late
1984,57,60,2022-09-24,Late
1985,342,98,2021-06-21,Present
1986,434,17,2021-11-30,Late
1987,440,40,2023-01-26,Absent
1988,95,85,2024-10-07,Late
1989,446,74,2022-10-13,Present
1990,104,37,2021-11-10,Late
1991,78,81,2021-09-30,Present
1992,214,68,2023-04-11,Absent
1993,88,7,2021-09-04,Late
1994,413,53,2021-11-23,Late
1995,167,23,2021-05-05,Late
1996,66,71,2023-06-24,Late
1997,233,50,2021-09-30,Late
1998,4,64,2021-05-20,Absent
1999,454,5,2021-10-18,Late
2000,135,7,2021-12-20,Present
